date,Conductivity (S/m),Density (kg/m3),Practical Salinity (psu),Pressure (decibar),Temperature (C),Turbidity (NTU),Chlorophyll (ug/l),Oxygen Concentration Corrected (ml/l)
06-08-2016 00:00:00,3.383466444,1022.426289,29.46632733,8.416296296,11.47709914,1.834249513,2.426183514,4.138940682
06-08-2016 01:00:00,3.385445828,1022.509104,29.550429,9.133831984,11.39524058,1.486025677,2.010584706,4.072250965
06-08-2016 02:00:00,3.384940847,1022.567295,29.60575621,9.597465657,11.31972414,1.478270255,1.916890945,3.989118712
06-08-2016 03:00:00,3.38949833,1022.431267,29.47833554,9.689204008,11.53463345,1.48205956,2.146437517,4.133465132
06-08-2016 04:00:00,3.388205424,1022.502353,29.54791547,9.487566741,11.43180367,1.94368743,1.471746385,4.037288923
06-08-2016 05:00:00,3.40017352,1021.985031,29.06180582,9.095207002,12.20218616,2.574145596,1.906210058,4.456363001
06-08-2016 06:00:00,3.407452722,1021.871472,28.96537922,8.686230556,12.41106583,1.655908333,2.996368056,4.711924305
06-08-2016 07:00:00,3.392015751,1022.387204,29.4456845,8.359183161,11.60690131,1.436646222,2.099930304,4.112045635
06-08-2016 08:00:00,3.382806344,1022.582905,29.62358819,8.204446618,11.27258776,1.347487423,1.863170766,3.845456658
06-08-2016 09:00:00,3.374498914,1022.692827,29.71745136,8.146261136,11.05570963,1.39826559,1.803027125,3.733976316
06-08-2016 10:00:00,3.347044148,1022.524419,29.48973018,8.123792049,11.00562914,1.802313039,1.262677231,3.697060418
06-08-2016 11:00:00,3.336436784,1022.413425,29.35513479,8.156388425,11.0443542,1.91501113,1.126015582,3.723306179
06-08-2016 12:00:00,3.327177444,1022.296603,29.21594534,8.543099415,11.10571122,1.600988583,1.0381022,3.78621561
06-08-2016 13:00:00,3.34517047,1022.471538,29.42858601,8.919585305,11.05857696,1.406161982,1.250055664,3.774182497
06-08-2016 14:00:00,3.352518116,1022.540406,29.51241346,9.16474979,11.04315907,1.349091417,1.652641879,3.755135967
06-08-2016 15:00:00,3.349657899,1022.528336,29.49440285,9.126416829,11.03084843,1.382468654,1.381742825,3.708173055
06-08-2016 16:00:00,3.356740434,1022.457221,29.44003351,8.753481646,11.18650528,1.754885984,1.644313126,3.806576367
06-08-2016 17:00:00,3.384069167,1022.006705,29.04952095,8.238644444,12.01493139,1.683419444,3.508423611,4.503351598
06-08-2016 18:00:00,3.375001722,1022.016656,29.04176447,7.707675,11.91380111,1.596802778,2.589902778,4.447147044
06-08-2016 19:00:00,3.375385865,1022.198343,29.22571184,7.308405998,11.68350819,1.439997223,2.25993474,4.318603879
06-08-2016 20:00:00,3.382202667,1022.21085,29.2537263,7.128819444,11.73107806,1.495941667,2.912694444,4.330481116
06-08-2016 21:00:00,3.38871675,1022.288301,29.34520293,7.137855556,11.69441917,1.485222222,2.469451389,4.289154533
06-08-2016 22:00:00,3.350203889,1022.080756,29.05467803,7.160008333,11.59389056,1.947533333,2.240770833,4.243766689
06-08-2016 23:00:00,3.368876612,1022.348453,29.36203961,7.356883008,11.43165933,2.115147632,1.87264624,4.120569668
07-08-2016 00:00:00,3.382107757,1022.505403,29.54457135,8.069919085,11.36265988,1.798244978,1.87555106,4.055588952
07-08-2016 01:00:00,3.385946793,1022.5788,29.6233227,8.76981874,11.31038873,1.621059677,2.106567206,4.019834347
07-08-2016 02:00:00,3.388465434,1022.637747,29.68518676,9.382508343,11.26348276,1.62538376,1.989036429,3.975693376
07-08-2016 03:00:00,3.389362768,1022.624014,29.67180708,9.697282094,11.29091117,1.546424394,2.171539961,3.971179237
07-08-2016 04:00:00,3.388919699,1022.562519,29.60935656,9.603072423,11.36337493,1.64935376,1.821845404,4.005384597
07-08-2016 05:00:00,3.403582046,1022.249726,29.32994666,9.300764101,11.89569186,1.929644346,2.308627396,4.436885899
07-08-2016 06:00:00,3.412949167,1022.212213,29.31375945,8.87705,12.02786,2.245088889,2.662229167,4.545512888
07-08-2016 07:00:00,3.38891206,1022.636182,29.6888631,8.488901895,11.26492113,1.455635452,1.587980769,3.898950314
07-08-2016 08:00:00,3.388715017,1022.592853,29.64598339,8.200536913,11.31589122,1.364670022,1.703642338,3.838446773
07-08-2016 09:00:00,3.388175148,1022.551876,29.6041959,8.067835883,11.3613605,1.379649513,2.065215577,3.901215006
07-08-2016 10:00:00,3.382129408,1022.598067,29.63813585,8.032505574,11.24602564,1.4043534,1.959057971,3.891587318
07-08-2016 11:00:00,3.353330017,1022.239532,29.21666809,7.999338521,11.42511034,1.656837132,2.031795442,4.032421082
07-08-2016 12:00:00,3.350274103,1022.390461,29.36131544,8.10959361,11.20551626,1.529159193,1.560909473,3.857986873
07-08-2016 13:00:00,3.366066481,1022.540168,29.54371911,8.500217331,11.16900892,1.441643912,1.552493731,3.851731214
07-08-2016 14:00:00,3.366428555,1022.584622,29.58771683,8.850276074,11.11839069,1.38329894,1.70690184,3.820239965
07-08-2016 15:00:00,3.374088011,1022.662973,29.68201085,9.047134454,11.09387059,1.391661064,2.013172269,3.830647682
07-08-2016 16:00:00,3.372999888,1022.560851,29.57710808,8.946601453,11.21125014,1.394944103,1.851697876,3.905696363
07-08-2016 17:00:00,3.386525795,1022.368497,29.41442988,8.629866146,11.5806715,1.54216676,1.783672616,4.234269577
07-08-2016 18:00:00,3.394573595,1022.34142,29.40701461,8.180175243,11.68889903,1.655399166,1.955257302,4.414211246
07-08-2016 19:00:00,3.407948111,1021.889937,28.98837182,7.777391667,12.38640167,1.38165,2.806590278,5.017944094
07-08-2016 20:00:00,3.398066,1022.139489,29.2151076,7.518488889,11.97336028,1.294288889,2.572243056,4.749035191
07-08-2016 21:00:00,3.392101111,1022.185879,29.24862197,7.472227159,11.85801611,1.276023327,3.080949736,4.529638579
07-08-2016 22:00:00,3.38373149,1022.276883,29.32131348,7.534777654,11.66386993,1.471642579,2.764084213,4.364948008
07-08-2016 23:00:00,3.355525431,1022.029945,29.01334872,7.585380767,11.71157615,1.85577821,2.753272651,4.430953749
08-08-2016 00:00:00,3.37148988,1022.270335,29.28680611,7.893266611,11.55850236,1.580041701,2.796455379,4.28789571
08-08-2016 01:00:00,3.371877564,1022.392039,29.40669483,8.537860128,11.41130621,1.535385901,2.610239621,4.14908035
08-08-2016 02:00:00,3.37897043,1022.477745,29.50523837,9.114245388,11.37338513,1.786995528,2.480401062,4.124511731
08-08-2016 03:00:00,3.382324895,1022.566531,29.59963633,9.560525286,11.2957544,1.34583962,2.269586477,4.026904472
08-08-2016 04:00:00,3.382761352,1022.509818,29.54294141,9.691043406,11.37210629,1.493519755,2.308736784,4.061393808
08-08-2016 05:00:00,3.38578719,1022.524993,29.56546886,9.4968518,11.38046832,1.481286631,1.82451856,4.046231617
08-08-2016 06:00:00,3.394175354,1022.332335,29.39205827,9.132070019,11.70104307,2.073542651,2.215518199,4.333614456
08-08-2016 07:00:00,3.397250319,1022.083107,29.15171909,8.72177173,12.04406193,1.656356568,2.830984449,4.624954307
08-08-2016 08:00:00,3.394776208,1022.274387,29.33886057,8.334241667,11.77795111,1.382602778,2.164548611,4.267567606
08-08-2016 09:00:00,3.396214361,1022.111906,29.18175207,8.071338889,11.9948825,1.349441667,2.728055556,4.383618083
08-08-2016 10:00:00,3.404760816,1021.839905,28.93091731,7.916642599,12.42133435,1.450252708,4.17066787,4.911405508
08-08-2016 11:00:00,3.393570777,1021.96707,29.03220244,7.893486111,12.15314333,1.475336111,3.059951389,4.670479348
08-08-2016 12:00:00,3.356251874,1021.87785,28.86214103,7.858792002,11.91516273,1.65845043,2.473000555,4.463050938
08-08-2016 13:00:00,3.364812167,1022.278449,29.27999035,8.038525,11.48567583,1.651608333,1.962479167,4.146166754
08-08-2016 14:00:00,3.367621768,1022.403645,29.40973507,8.4458938,11.35571282,1.667686961,1.799152071,4.026050787
08-08-2016 15:00:00,3.370633936,1022.434089,29.44531011,8.755642023,11.3475214,1.719933296,2.133143413,4.032507023
08-08-2016 16:00:00,3.375560056,1022.521112,29.54256686,8.921348189,11.28539721,1.720520891,2.676887187,3.976860211
08-08-2016 17:00:00,3.375158136,1022.385639,29.40600846,8.802222531,11.45186676,1.404175243,2.280048679,4.080123651
08-08-2016 18:00:00,3.3773045,1022.010176,29.03783314,8.540255556,11.95062556,1.696769444,2.3971875,4.520359968
08-08-2016 19:00:00,3.371991308,1021.179629,28.20886068,8.210263816,12.97568564,1.783360178,2.751235768,5.494317718
08-08-2016 20:00:00,3.363193167,1020.50905,27.53930537,7.954061111,13.77816889,1.382161111,2.781152778,6.344556185
08-08-2016 21:00:00,3.385517023,1021.895506,28.94415908,7.811202444,12.16905832,1.370688698,2.723646209,4.873519798
08-08-2016 22:00:00,3.391926833,1021.447396,28.51655581,7.798775,12.80778167,1.382258333,3.091652778,5.362955719
08-08-2016 23:00:00,3.385771464,1021.538583,28.59266623,7.922175,12.63315972,1.502602778,3.472611111,5.313284366
09-08-2016 00:00:00,3.361582921,1021.897463,28.89265487,8.032282699,11.94175507,1.611885587,3.017286865,4.699231395
09-08-2016 01:00:00,3.365544012,1022.210088,29.21149965,8.355143095,11.58105085,1.505621006,2.465059739,4.326508341
09-08-2016 02:00:00,3.373018677,1022.325139,29.34032016,8.893026681,11.50870372,1.388924402,2.06897582,4.221829677
09-08-2016 03:00:00,3.372790573,1022.402671,29.41561688,9.334974972,11.4107728,1.321640712,1.877085651,4.126277996
09-08-2016 04:00:00,3.37702922,1022.496137,29.51733022,9.607640669,11.33442813,1.282632312,1.945278552,4.025953236
09-08-2016 05:00:00,3.375707155,1022.329143,29.34694057,9.567859131,11.53268597,1.449276169,2.201315423,4.183692367
09-08-2016 06:00:00,3.384061165,1022.242383,29.28042149,9.324090656,11.7141916,1.605386541,1.967561179,4.322489299
09-08-2016 07:00:00,3.391242778,1021.439008,28.50525612,8.915306859,12.82364121,2.335956679,2.452054985,5.269429396
09-08-2016 08:00:00,3.418954167,1020.860358,28.00557886,8.506097222,13.83266639,3.898272805,3.144333333,6.177889763
09-08-2016 09:00:00,3.427602806,1021.18457,28.3403481,8.149091667,13.48436556,1.048763889,3.278333333,5.76291619
09-08-2016 10:00:00,3.431960872,1021.201526,28.36788848,7.902324354,13.50098612,0.84016662,3.407713135,5.764908329
09-08-2016 11:00:00,3.433904972,1021.232871,28.40350543,7.768583333,13.47728833,0.922244444,3.429840278,5.770677528
09-08-2016 12:00:00,3.389979366,1021.546228,28.61021768,7.744587615,12.66084004,0.947942238,2.676083032,5.10737568
09-08-2016 13:00:00,3.370925278,1021.814027,28.83187364,7.719552778,12.13633472,0.879077778,2.571868056,4.683584723
09-08-2016 14:00:00,3.374165656,1022.238439,29.26024596,7.953601224,11.62450973,0.86455228,2.121398776,4.269463563
09-08-2016 15:00:00,3.375024763,1022.283903,29.30573879,8.357387061,11.57707585,0.76196319,1.971381762,4.245149821
09-08-2016 16:00:00,3.376907446,1022.354026,29.37870292,8.656223658,11.50769373,0.658156786,2.189863726,4.210009021
09-08-2016 17:00:00,3.379543497,1022.458563,29.48854395,8.814620573,11.40591231,0.605803822,2.40559303,4.130786805
09-08-2016 18:00:00,3.383599638,1022.286338,29.32481353,8.738800445,11.65711801,0.686095185,1.947279432,4.326980473
09-08-2016 19:00:00,3.412028194,1021.726918,28.83692837,8.556802115,12.64164236,0.740489841,1.497404676,5.073895797
09-08-2016 20:00:00,3.4472965,1021.072109,28.27686435,8.338825,13.81415944,0.809719444,2.404534722,6.08157924
09-08-2016 21:00:00,3.467163566,1020.640324,27.91114002,8.187845043,14.56398528,0.861060816,2.979679256,6.716399994
09-08-2016 22:00:00,3.460961667,1020.868052,28.11371708,8.117688889,14.20608611,1.247795998,3.441756944,6.315764987
09-08-2016 23:00:00,3.444109639,1021.283877,28.47476276,8.157225,13.5071175,0.824541667,3.273243056,5.858641625
10-08-2016 00:00:00,3.419813385,1021.691296,28.8177147,8.286098306,12.75578367,0.940397112,3.230227715,5.273502503
10-08-2016 01:00:00,3.39451575,1021.667599,28.73640697,8.443205556,12.55085667,0.926777778,3.000090278,5.031892368
10-08-2016 02:00:00,3.361661913,1021.951987,28.94359856,8.734834584,11.87594245,0.810175146,2.105733945,4.495974136
10-08-2016 03:00:00,3.383755156,1022.204531,29.24154655,9.133525641,11.76462319,0.736114827,1.809064939,4.392725466
10-08-2016 04:00:00,3.383715164,1022.25858,29.29405448,9.440358932,11.69722176,0.690795771,2.096988036,4.313497033
10-08-2016 05:00:00,3.384610983,1022.345132,29.3820553,9.571356122,11.59673774,0.642967218,2.197856542,4.198867734
10-08-2016 06:00:00,3.387760645,1022.220355,29.26454595,9.44598388,11.78394553,0.778916064,3.724539269,4.33498591
10-08-2016 07:00:00,3.386542499,1022.344976,29.38792572,9.153611266,11.61286057,0.851857223,1.729831288,4.177809827
10-08-2016 08:00:00,3.422709556,1021.845838,28.97440122,8.731902778,12.586,1.222505556,3.1471875,4.909139513
10-08-2016 09:00:00,3.423657984,1021.80468,28.93687577,8.307817273,12.64509608,1.07566787,3.390683144,5.014613767
10-08-2016 10:00:00,3.402871639,1022.101318,29.18548831,7.977558333,12.06955917,0.780969444,2.243118056,4.454009199
10-08-2016 11:00:00,3.433960444,1021.642395,28.80368822,7.752997222,12.94681444,0.80315,3.060340278,5.06185663
10-08-2016 12:00:00,3.424613988,1021.753816,28.89183668,7.640152735,12.71601472,0.876378784,2.545091641,4.978194107
10-08-2016 13:00:00,3.382781745,1022.00736,29.05004538,7.612125,11.99845583,0.867741667,2.19425,4.467489057
10-08-2016 14:00:00,3.375447556,1021.989364,29.01599002,7.621375,11.95254528,0.822436111,2.400194444,4.455810262
10-08-2016 15:00:00,3.383116444,1022.300899,29.34235482,7.878638889,11.62956694,0.766363889,1.958583333,4.25330248
10-08-2016 16:00:00,3.383357048,1022.292748,29.33278339,8.289372222,11.64426833,0.747725,2.080520833,4.277510562
10-08-2016 17:00:00,3.384372596,1022.331913,29.3727642,8.59860478,11.6059672,0.682534742,2.394510839,4.279899845
10-08-2016 18:00:00,3.391504154,1022.511368,29.56716353,8.788508053,11.44776519,0.595377225,5.215096072,4.148104088
10-08-2016 19:00:00,3.390991739,1022.325011,29.3791644,8.797404729,11.67827399,0.640255911,7.904986092,4.305973868
10-08-2016 20:00:00,3.400672641,1022.377528,29.45289874,8.728780963,11.70257556,0.661472307,2.91699833,4.391579238
10-08-2016 21:00:00,3.458842238,1021.641315,28.85532032,8.600985837,13.18272424,0.891824493,1.750291586,5.515330274
10-08-2016 22:00:00,3.447602278,1021.636051,28.82399317,8.506733333,13.08485056,0.849869444,2.183347222,5.315960357
10-08-2016 23:00:00,3.441075472,1021.679852,28.85222459,8.466044444,12.96785444,0.815247222,2.476215278,5.203095858
11-08-2016 00:00:00,3.442987448,1021.740663,28.91613864,8.497484032,12.90769481,1.091332963,2.39340461,5.172848428
11-08-2016 01:00:00,3.41246449,1021.667282,28.77496469,8.621461111,12.71929806,0.956477778,2.295972222,5.071891217
11-08-2016 02:00:00,3.398456472,1021.507021,28.58641608,8.774697222,12.79921833,1.968499166,2.4463125,5.052179293
11-08-2016 03:00:00,3.397288364,1022.135203,29.20290631,8.973618439,11.97993224,0.726745349,1.84139128,4.5002196
11-08-2016 04:00:00,3.400646694,1022.257057,29.33000089,9.240036111,11.85757694,0.682497222,1.718458333,4.402558717
11-08-2016 05:00:00,3.405934271,1022.379866,29.46303913,9.466893285,11.75300139,0.684706046,1.916870995,4.30186324
11-08-2016 06:00:00,3.404922114,1022.331054,29.4118266,9.522030117,11.8055198,0.727716118,1.891668991,4.315810295
11-08-2016 07:00:00,3.403816699,1022.192735,29.27270604,9.324247222,11.96968944,0.710194444,1.768256944,4.392360954
11-08-2016 08:00:00,3.495059917,1020.452276,27.79892748,8.987097222,15.07163333,1.074408333,1.199326389,6.213673631
11-08-2016 09:00:00,3.505241917,1020.046153,27.44327959,8.559411275,15.70227048,0.920819217,1.825513746,6.286537546
11-08-2016 10:00:00,3.506029806,1019.861309,27.27513851,8.132333333,15.95550111,1.110358333,2.001826389,6.254367964
11-08-2016 11:00:00,3.503819083,1019.884745,27.29276997,7.791947222,15.90222111,0.950561111,2.0071875,6.163838499
11-08-2016 12:00:00,3.490136295,1020.421311,27.76206753,7.570552624,15.05953846,0.880883088,1.484184949,5.873234212
11-08-2016 13:00:00,3.460385528,1020.981729,28.22470312,7.472552778,14.04774444,0.845730556,5.02933844,5.369759048
11-08-2016 14:00:00,3.423090139,1021.296558,28.44389888,7.445211111,13.29479722,0.856686111,1.6869375,4.969510042
11-08-2016 15:00:00,3.411141901,1021.063209,28.18777566,7.506492641,13.48784004,0.903379617,1.702617329,5.122638005
11-08-2016 16:00:00,3.408899639,1021.745562,28.84901402,7.786038889,12.58272444,0.782991667,1.537833333,4.694975745
11-08-2016 17:00:00,3.409954972,1021.93119,29.03136677,8.193219444,12.35437111,0.708702778,1.537138889,4.577778406
11-08-2016 18:00:00,3.410557512,1022.167827,29.26607184,8.548328242,12.06050569,0.707828381,1.678658706,4.449557545
11-08-2016 19:00:00,3.411601306,1022.409805,29.50834838,8.785402778,11.76480528,0.618427778,1.503208333,4.293384722
11-08-2016 20:00:00,3.4133085,1022.387538,29.4894774,8.863125,11.80942389,0.776213889,1.845811209,4.344955023
11-08-2016 21:00:00,3.414516634,1022.210841,29.31599401,8.825967787,12.04408664,0.696078867,2.074254413,4.438283075
11-08-2016 22:00:00,3.455054472,1021.655169,28.85993564,8.756686111,13.13133833,0.735786111,1.1401875,5.127576076
11-08-2016 23:00:00,3.454455194,1021.632553,28.83524438,8.697069444,13.15358639,0.658358333,1.208659722,5.008002058
12-08-2016 00:00:00,3.44783524,1021.687083,28.87410599,8.67291308,13.02232824,0.515118023,1.415197167,4.877862352
12-08-2016 01:00:00,3.414698083,1022.173314,29.27965129,8.702358333,12.09269,0.556602778,1.223583333,4.299246034
12-08-2016 02:00:00,3.481515972,1021.184973,28.46480575,8.805933333,13.98283083,0.793508333,1.548506944,5.327435893
12-08-2016 03:00:00,3.46384832,1021.154716,28.39449579,8.925784504,13.8638892,0.662310469,7.253170875,5.32228062
12-08-2016 04:00:00,3.436521889,1020.776522,27.96579014,9.072466667,14.10943056,0.754694444,1.574298611,5.486520319
12-08-2016 05:00:00,3.412041479,1022.1965,29.29450523,9.269219444,12.04160583,0.628688889,36.873728814,4.38729609
12-08-2016 06:00:00,3.418504306,1022.148243,29.25973944,9.412243821,12.16425021,0.680894196,11.436212163,4.408987847
12-08-2016 07:00:00,3.420088167,1022.151087,29.26624366,9.397958333,12.17528333,0.85215,1.305340278,4.411345288
12-08-2016 08:00:00,3.4190225,1021.938256,29.05462149,9.176191667,12.43611833,0.688175,1.189881944,4.440178839
12-08-2016 09:00:00,3.428931158,1020.934988,28.10004143,8.808575396,13.8288742,0.790474868,1.16868231,5.219233866
12-08-2016 10:00:00,3.419922806,1021.592973,28.72123151,8.370644444,12.88483611,0.789944444,1.114597222,4.716249659
12-08-2016 11:00:00,3.422920194,1020.256212,27.441228,7.938797222,14.67100222,0.692094444,1.440694444,5.774071114
12-08-2016 12:00:00,3.418912635,1020.511347,27.67739403,7.571244099,14.29311275,1.008149079,0.843300472,5.541915997
12-08-2016 13:00:00,3.422806222,1021.230467,28.37805517,7.341061111,13.3764,0.562175,1.102576389,5.042295714
12-08-2016 14:00:00,3.410408389,1021.40698,28.52145497,7.258730556,13.03028167,0.709836111,1.464493056,4.793710377
12-08-2016 15:00:00,3.407841266,1021.013672,28.13310137,7.244904193,13.52038517,0.996503749,1.132366009,5.146871812
12-08-2016 16:00:00,3.387332222,1021.110835,28.18018987,7.323647222,13.20219639,1.006705556,1.071576389,5.004111991
12-08-2016 17:00:00,3.383050833,1021.635327,28.68253115,7.658561111,12.48117861,0.8492,1.338902778,4.609727948
12-08-2016 18:00:00,3.387902333,1021.855851,28.9085102,8.12005554,12.24398917,0.738564288,1.022160511,4.463310806
12-08-2016 19:00:00,3.392761,1022.104261,29.16390499,8.539961111,11.97413417,0.641652778,0.877590278,4.315926264
12-08-2016 20:00:00,3.407127833,1022.370255,29.45889023,8.840083333,11.77300306,0.641030556,1.226125,4.249249095
12-08-2016 21:00:00,3.408963649,1022.362099,29.45405793,8.981885587,11.80132769,0.691546793,0.989579284,4.29497739
12-08-2016 22:00:00,3.402088389,1022.197848,29.27523759,8.986622222,11.94489111,0.634547222,16.557652778,4.320569181
12-08-2016 23:00:00,3.413153306,1022.018289,29.1216881,8.940933333,12.277645,0.648236111,1.018756944,4.571285825
13-08-2016 00:00:00,3.409310997,1021.607353,28.70767854,8.878772563,12.76873507,0.655420716,2.119827826,4.864670738
13-08-2016 01:00:00,3.405038306,1021.472647,28.56617781,8.834872222,12.90312556,0.679555556,2.0535625,4.921383102
13-08-2016 02:00:00,3.407181944,1021.659926,28.75478785,8.826236111,12.68066556,0.664438889,1.633326389,4.762267723
13-08-2016 03:00:00,3.415429186,1021.452576,28.57158896,8.905579006,13.02928464,0.697658984,2.219139321,4.982000691
13-08-2016 04:00:00,3.400948917,1021.321122,28.40935127,9.030005556,13.06516,0.742325,1.204319444,5.005312506
13-08-2016 05:00:00,3.353119417,1020.850925,27.84101805,9.159527778,13.23598333,0.753766667,1.118972222,5.127973385
13-08-2016 06:00:00,3.383199528,1021.782968,28.82185597,9.287789503,12.30209664,0.629291863,0.944612608,4.541734794
13-08-2016 07:00:00,3.384855571,1022.20969,29.24794444,9.376088889,11.76940694,0.626497222,1.0153125,4.148093672
13-08-2016 08:00:00,3.384657326,1022.171376,29.20949231,9.331348346,11.81636364,0.639507923,1.092929644,4.148823898
13-08-2016 09:00:00,3.383942572,1022.018419,29.05670383,9.086378784,12.00343099,0.677198001,0.83601083,4.209486057
13-08-2016 10:00:00,3.386097972,1021.026675,28.09016037,8.690180556,13.31097861,0.894036111,1.175090278,4.995074635
13-08-2016 11:00:00,3.378488222,1020.555155,27.61860329,8.207461111,13.86095806,1.047091667,1.507472222,5.299260886
13-08-2016 12:00:00,3.3760193,1020.273062,27.34537491,7.741052485,14.2140797,0.818428214,1.502895029,5.417366145
13-08-2016 13:00:00,3.377013944,1020.5991,27.66146459,7.366222222,13.78439722,0.865888889,1.625743056,5.214022564
13-08-2016 14:00:00,3.37691575,1020.993844,28.04282366,7.159875,13.25779722,0.663375,2.888097222,4.857067647
13-08-2016 15:00:00,3.372179645,1021.388816,28.417822,7.093299084,12.69493613,0.870233269,1.077034157,4.63135193
13-08-2016 16:00:00,3.351435315,1021.088149,28.07647936,7.091297222,12.89315,0.897925,1.0420625,4.799223246
13-08-2016 17:00:00,3.336569222,1021.287975,28.23825314,7.217961111,12.49090111,0.827444444,0.930625,4.584184581
13-08-2016 18:00:00,3.362815162,1021.685189,28.68626711,7.648880866,12.22449847,0.817481255,0.848458761,4.464765387
13-08-2016 19:00:00,3.369854444,1021.720309,28.73410982,8.200475,12.24881222,0.693636111,0.940416667,4.502976453
13-08-2016 20:00:00,3.380366602,1022.20327,29.23511556,8.686136933,11.73213304,0.676404119,0.853597272,4.186064814
13-08-2016 21:00:00,3.394973535,1022.408007,29.46969735,9.038336573,11.61216801,0.590394335,0.856921688,4.098599291
13-08-2016 22:00:00,3.398153302,1022.471252,29.53930919,9.179924454,11.5632451,0.606841074,0.775097929,4.148963412
13-08-2016 23:00:00,3.391359405,1022.244932,29.29824473,9.160828008,11.78520145,0.657482634,0.816747708,4.234234645
14-08-2016 00:00:00,3.39173449,1021.6157,28.67604968,9.089003055,12.59605748,0.842038323,1.475263816,4.947885285
14-08-2016 01:00:00,3.380906528,1021.297356,28.33932835,8.991108333,12.90673306,0.853130556,1.818694444,5.146486045
14-08-2016 02:00:00,3.379744028,1021.486706,28.52265509,8.909305556,12.64852778,0.777827778,1.684972222,4.830389563
14-08-2016 03:00:00,3.37967659,1021.610497,28.64429898,8.894845876,12.48711275,0.653088031,1.496077478,4.658805642
14-08-2016 04:00:00,3.379908472,1021.71916,28.75207147,8.958125,12.34978972,0.736316667,1.243548611,4.549988791
14-08-2016 05:00:00,3.37045625,1021.203399,28.22345638,9.081780556,12.93223,0.920130556,4.056681514,5.018999341
14-08-2016 06:00:00,3.341081283,1021.088949,28.04470499,9.201235768,12.8078145,0.800641488,1.269189114,4.903913315
14-08-2016 07:00:00,3.360013622,1021.922156,28.90806305,9.326533222,11.90278482,0.639268835,0.914748401,4.313018312
14-08-2016 08:00:00,3.361107397,1022.079028,29.06601884,9.399555061,11.71158231,0.748851502,1.030165462,4.128040089
14-08-2016 09:00:00,3.361039572,1021.991497,28.9789746,9.319541794,11.82265954,0.601310747,2.247632469,4.178031712
14-08-2016 10:00:00,3.353997024,1021.510963,28.49075993,9.029510431,12.37953157,0.744781641,1.480382476,4.502482551
14-08-2016 11:00:00,3.335671306,1020.737642,27.69421473,8.584366667,13.22073056,0.796213889,2.305993056,5.236740516
14-08-2016 12:00:00,3.333263927,1020.559799,27.52090015,8.046367676,13.43739489,1.185420716,2.438197723,5.2953996
14-08-2016 13:00:00,3.286687663,1019.537483,26.43360194,7.542133333,14.38012722,1.186219444,3.973743056,6.22167278
14-08-2016 14:00:00,3.304655568,1020.09121,27.00439921,7.170469444,13.78680889,0.898825,4.169847222,5.687373581
14-08-2016 15:00:00,3.324272646,1020.673781,27.61160943,6.987181339,13.1857845,0.92389614,3.077853374,5.20162641
14-08-2016 16:00:00,3.325442972,1021.115399,28.04481398,6.949805556,12.61006028,0.940036111,2.079486111,4.822522612
14-08-2016 17:00:00,3.306671167,1020.842395,27.73501103,6.968452778,12.79289028,1.071125,2.123402778,5.034107539
14-08-2016 18:00:00,3.319634761,1021.219018,28.1327414,7.182663149,12.42100222,0.972685365,1.922549292,4.781849852
14-08-2016 19:00:00,3.345304972,1021.594937,28.55776838,7.753844444,12.17599556,0.921097222,1.484465278,4.576523267
14-08-2016 20:00:00,3.349367833,1021.765718,28.73328186,8.389583333,11.99744722,0.731930556,1.603666667,4.447015836
14-08-2016 21:00:00,3.377198163,1022.292084,29.31600616,8.926663884,11.59053784,0.705614914,1.28314552,4.169881405
14-08-2016 22:00:00,3.389653484,1022.449631,29.4990302,9.261775362,11.51062542,0.629397993,1.139855072,4.130287895
14-08-2016 23:00:00,3.377585981,1022.274795,29.29756087,9.357045897,11.61857246,0.594617524,1.222162726,4.184898344
15-08-2016 00:00:00,3.38384321,1021.955596,28.99442404,9.292840878,12.0862677,0.853665648,1.526194113,4.63207391
15-08-2016 01:00:00,3.358197167,1020.904166,27.90504002,9.142794444,13.21444917,1.331469444,3.3045,5.697567224
15-08-2016 02:00:00,3.353416306,1020.828535,27.82007348,9.008147222,13.26655944,0.947527778,3.264659722,5.65809935
15-08-2016 03:00:00,3.354187476,1020.880823,27.87369447,8.909908359,13.20493252,0.867075812,3.069105804,5.52351624
15-08-2016 04:00:00,3.359791444,1021.597661,28.58755701,8.8965,12.3165225,1.329691667,1.8553125,4.706047628
15-08-2016 05:00:00,3.355842417,1021.540214,28.52167274,8.967580556,12.35378611,0.886138889,1.586854167,4.716004973
15-08-2016 06:00:00,3.343189753,1021.32323,28.27911148,9.086592613,12.51761539,0.897845043,1.874652874,4.916862198
15-08-2016 07:00:00,3.33240375,1021.446589,28.37593049,9.203197222,12.25434778,0.761852778,1.535326389,4.65513943
15-08-2016 08:00:00,3.350178139,1021.864284,28.82842087,9.3654,11.88312722,0.694786111,1.525263889,4.388100473
15-08-2016 09:00:00,3.355716218,1021.878445,28.85408674,9.46070536,11.91787976,0.639147459,2.218467092,4.419366229
15-08-2016 10:00:00,3.348968222,1021.832633,28.79433751,9.345875,11.91215944,0.846027778,1.868027778,4.367148999
15-08-2016 11:00:00,3.337393306,1021.608342,28.55008257,8.980352778,12.09492167,0.952436111,2.182548611,4.495628794
15-08-2016 12:00:00,3.295113691,1020.337637,27.21253352,8.457050819,13.36967398,1.27122466,4.462274368,5.809583108
15-08-2016 13:00:00,3.302206139,1020.437938,27.32827548,7.859141667,13.29765528,1.240769444,4.162597222,5.603331917
15-08-2016 14:00:00,3.285646444,1020.068016,26.93570226,7.324380556,13.63802028,1.145188889,5.050729167,6.028252405
15-08-2016 15:00:00,3.280219745,1019.938303,26.80026377,6.965912247,13.76143544,1.25898917,5.993244932,6.199228429
15-08-2016 16:00:00,3.297475944,1020.443018,27.32742016,6.804908333,13.24089639,1.199194444,5.159597222,5.831603194
15-08-2016 17:00:00,3.304006833,1021.227942,28.10828584,6.7915,12.25634111,1.171183333,4.5176875,4.874629449
15-08-2016 18:00:00,3.290667787,1021.437133,28.28561705,6.818941961,11.8541769,1.159291863,2.049472369,4.5309502
15-08-2016 19:00:00,3.31824366,1021.849895,28.7546025,7.230144605,11.58474944,1.238965517,1.58740267,4.277533479
15-08-2016 20:00:00,3.342854972,1021.981009,28.93542977,7.942283333,11.65556556,1.043372222,1.759416667,4.335965448
15-08-2016 21:00:00,3.353388781,1022.136917,29.11092927,8.616709354,11.56014143,0.787761693,1.984291481,4.251563163
15-08-2016 22:00:00,3.36964231,1022.371846,29.37887843,9.137091723,11.41890632,0.696845638,1.719442114,4.119401648
15-08-2016 23:00:00,3.374399302,1022.418834,29.43488023,9.425291818,11.40615638,0.777176766,1.689227869,4.116113903
16-08-2016 00:00:00,3.364639289,1022.274831,29.26947801,9.424201167,11.49587969,0.849747152,2.1295985,4.184401235
16-08-2016 01:00:00,3.380310042,1022.242373,29.27180186,9.28523783,11.68588456,1.141443672,2.185751043,4.448213556
16-08-2016 02:00:00,3.355069528,1020.817456,27.81371899,9.045041667,13.29827778,1.330277778,6.249006944,6.434760289
16-08-2016 03:00:00,3.35202241,1020.322817,27.33043024,8.849802833,13.92885143,1.14534296,6.986587059,6.908720895
16-08-2016 04:00:00,3.362567083,1020.784219,27.79933651,8.782288889,13.41006222,1.039775,6.826083333,6.085196094
16-08-2016 05:00:00,3.361582111,1021.101376,28.1056478,8.815369444,12.98286444,0.983561111,5.855340278,5.70426415
16-08-2016 06:00:00,3.346831686,1021.712586,28.67301265,8.917803388,12.04493474,0.944412663,3.889794502,4.803799326
16-08-2016 07:00:00,3.330721018,1021.949838,28.87338386,9.001326105,11.58582763,0.788896302,2.800569919,4.317139534
16-08-2016 08:00:00,3.336500918,1022.371357,29.30823706,9.152743972,11.10368858,0.719004018,1.990700344,3.878049597
16-08-2016 09:00:00,3.359230113,1022.50024,29.48486644,9.397464462,11.15904845,0.729982594,1.566369307,3.906204375
16-08-2016 10:00:00,3.360739575,1022.531035,29.51857469,9.51271009,11.13521053,0.840366386,1.826432102,3.860257609
16-08-2016 11:00:00,3.354425111,1022.424567,29.39880915,9.317759287,11.20838039,0.704222883,1.805312036,3.91157485
16-08-2016 12:00:00,3.343737262,1022.216467,29.16960548,8.872484348,11.36969266,1.147800228,2.688666762,4.144289123
16-08-2016 13:00:00,3.314656238,1021.168402,28.06779974,8.280141706,12.44805724,1.79689636,7.271297583,5.480119822
16-08-2016 14:00:00,3.307263111,1020.906027,27.79558757,7.624708333,12.71773,1.456525,8.4289375,5.80689482
16-08-2016 15:00:00,3.317449097,1021.012625,27.92534874,7.089539017,12.67041933,1.304737573,8.646487087,5.727212245
16-08-2016 16:00:00,3.322248944,1021.014166,27.93925398,6.751016667,12.71220694,1.121213889,9.993201389,5.796498772
16-08-2016 17:00:00,3.333848472,1021.100173,28.05029828,6.629672222,12.70826806,1.354638889,9.259506944,5.835579269
16-08-2016 18:00:00,3.286990586,1021.265421,28.10815647,6.614209942,12.04244932,1.492801999,6.143828103,5.076132122
16-08-2016 19:00:00,3.305421148,1021.806269,28.68600028,6.69269713,11.51569546,1.603181945,4.370256339,4.484836181
16-08-2016 20:00:00,3.345860284,1022.05667,29.02009703,7.391577191,11.58412879,1.416069541,3.80162726,4.503301535
16-08-2016 21:00:00,3.354244051,1022.202313,29.18044065,8.154511006,11.48244135,1.114449707,3.980057119,4.414583005
16-08-2016 22:00:00,3.369276626,1022.399944,29.40771948,8.837361307,11.3782557,0.852466911,3.343403267,4.274711298
16-08-2016 23:00:00,3.377525234,1022.516013,29.53969286,9.327561667,11.3126025,0.785948398,3.047575843,4.163661674
17-08-2016 00:00:00,3.373207942,1022.449322,29.46249363,9.538807287,11.35704668,0.873931113,3.28371762,4.216386504
17-08-2016 01:00:00,3.374495901,1022.406689,29.42282513,9.437370329,11.42251506,1.004475739,2.656121026,4.287647674
17-08-2016 02:00:00,3.352925472,1021.288644,28.26910587,9.199344444,12.66225278,1.876827778,8.963125,6.104562017
17-08-2016 03:00:00,3.347354596,1020.968155,27.94196494,8.90422105,13.02332574,1.561718967,9.514051652,6.56512975
17-08-2016 04:00:00,3.352047917,1020.949405,27.93524856,8.734475,13.09144306,1.365419444,9.477368056,6.542774241
17-08-2016 05:00:00,3.352994194,1020.948459,27.93677446,8.681255556,13.10137278,1.341088889,10.798270833,6.514421134
17-08-2016 06:00:00,3.357231158,1021.470572,28.45876808,8.713201888,12.45871675,1.237414607,9.098528187,5.758005394
17-08-2016 07:00:00,3.332527111,1021.729151,28.65816751,8.808544444,11.8865675,1.345461111,6.476145833,4.965681765
17-08-2016 08:00:00,3.335754274,1022.191461,29.12738011,8.894392576,11.32495023,1.085539933,4.776947413,4.388761085
17-08-2016 09:00:00,3.347419245,1022.363575,29.32320911,9.184561453,11.21803378,0.973908601,3.496196424,4.17002774
17-08-2016 10:00:00,3.354195277,1022.32897,29.30133904,9.478803733,11.32808937,0.885831448,3.368898473,4.236307296
17-08-2016 11:00:00,3.355496875,1022.39987,29.37523635,9.524482955,11.25093977,0.781346591,3.755681818,4.155943589
17-08-2016 12:00:00,3.349747544,1022.283264,29.24711709,9.226501976,11.34235799,0.910446076,3.791106719,4.241020956
17-08-2016 13:00:00,3.351684523,1022.324635,29.29527718,8.712495021,11.30572916,1.317192034,3.65302276,4.18926696
17-08-2016 14:00:00,3.326203417,1021.638063,28.55734355,8.047402778,11.94025,2.207275,8.152479167,5.02262822
17-08-2016 15:00:00,3.32380897,1021.48575,28.40395323,7.391852263,12.11142794,2.060494307,9.088378228,5.335034505
17-08-2016 16:00:00,3.336157556,1021.959945,28.90486059,6.877080556,11.61285944,1.130113889,7.633423611,4.762044229
17-08-2016 17:00:00,3.341931528,1021.923391,28.88205678,6.611425,11.71339583,1.053966667,7.951611111,4.843152713
17-08-2016 18:00:00,3.337679422,1021.766965,28.71742174,6.528033879,11.87388142,1.217617329,7.228755901,5.12322622
17-08-2016 19:00:00,3.296376806,1021.517762,28.37967241,6.451580556,11.80116111,1.619888889,6.914284722,5.06563832
17-08-2016 20:00:00,3.340691639,1022.145011,29.10036402,6.7929,11.41921889,1.846272222,4.769736111,4.495517393
17-08-2016 21:00:00,3.349289743,1022.295812,29.26623551,7.632593953,11.31356259,1.576682679,4.043840068,4.334746156
17-08-2016 22:00:00,3.361001389,1022.450055,29.44242057,8.451893961,11.23418599,1.135613836,3.943946697,4.246809646
17-08-2016 23:00:00,3.374808466,1022.546452,29.56563264,9.109801136,11.24737386,0.872761364,3.710397727,4.222062202
18-08-2016 00:00:00,3.379555976,1022.584277,29.61182705,9.526584873,11.2470332,0.854188799,3.953890012,4.172468405
18-08-2016 01:00:00,3.370624521,1022.467083,29.47482953,9.544198342,11.310006,0.984418405,4.024214061,4.300945927
18-08-2016 02:00:00,3.377215803,1022.509551,29.53253611,9.32664401,11.31780091,1.176839422,3.014068253,4.267402443
18-08-2016 03:00:00,3.350350417,1021.541541,28.51206391,8.993685381,12.30389578,2.392957198,10.335811562,6.002469585
18-08-2016 04:00:00,3.35374425,1021.228012,28.21118243,8.694263889,12.74010167,1.678283333,11.376548611,6.517642936
18-08-2016 05:00:00,3.356030639,1021.260349,28.24875542,8.531236111,12.71835139,1.354980556,12.441180556,6.4150236
18-08-2016 06:00:00,3.352604999,1021.334336,28.31375333,8.511402388,12.58906831,1.428661483,12.601652319,6.232591476
18-08-2016 07:00:00,3.335744933,1021.949764,28.88774377,8.554320713,11.63399304,1.439103563,7.813035913,5.032350203
18-08-2016 08:00:00,3.290522922,1021.835056,28.67401202,8.588622421,11.34469046,1.273513664,5.406344116,4.511831687
18-08-2016 09:00:00,3.328939427,1022.307114,29.22903432,8.807497875,11.11073817,1.139926325,2.91214225,4.107578724
18-08-2016 10:00:00,3.328007526,1022.345408,29.26355025,9.271701221,11.05561403,0.913430844,2.799573985,4.042801121
18-08-2016 11:00:00,3.324367449,1022.419125,29.32918887,9.530091533,10.92857552,0.872714531,3.45965389,3.965990838
18-08-2016 12:00:00,3.324603062,1022.380779,29.2910452,9.510620887,10.97940029,0.900663805,3.71332618,3.980883432
18-08-2016 13:00:00,3.334851612,1022.446095,29.38037004,9.112912981,10.99299886,1.177794579,3.176248217,3.963874795
18-08-2016 14:00:00,3.320115245,1022.048147,28.95116159,8.537331469,11.35515748,1.632584615,7.137468531,4.542247528
18-08-2016 15:00:00,3.323642044,1021.802288,28.71593603,7.837447931,11.70134463,1.66370175,8.108088031,5.002515868
18-08-2016 16:00:00,3.327744194,1021.744721,28.67050013,7.18095,11.81135083,1.398825,7.845277778,5.226532398
18-08-2016 17:00:00,3.334431667,1021.718321,28.66089395,6.731927778,11.90691806,1.538030556,9.294090278,5.412828048
18-08-2016 18:00:00,3.342448042,1021.711592,28.67275139,6.517014718,11.99081811,1.596728686,9.82378506,5.53820084
18-08-2016 19:00:00,3.313941183,1021.885053,28.78449672,6.469620642,11.49332971,1.844225941,6.056778243,4.886095854
18-08-2016 20:00:00,3.309235487,1022.059759,28.94932416,6.442480425,11.22419994,1.457080537,4.788436801,4.391759226
18-08-2016 21:00:00,3.341781859,1022.306509,29.26346718,7.1118757,11.22539754,2.054157335,3.759770437,4.316462734
18-08-2016 22:00:00,3.349180053,1022.446537,29.41617538,7.979221663,11.12344688,1.461568511,4.074800237,4.236977734
18-08-2016 23:00:00,3.363683994,1022.545716,29.54297463,8.787932011,11.14088839,1.046133144,3.98,4.227763803
19-08-2016 00:00:00,3.370535514,1022.587054,29.59622183,9.402305714,11.15730943,0.863688571,3.96695,4.197479414
19-08-2016 01:00:00,3.368435923,1022.553149,29.55637791,9.663586712,11.18140456,0.937829392,4.231932714,4.240216636
19-08-2016 02:00:00,3.364820437,1022.492095,29.48787982,9.516204649,11.22313832,1.209821429,3.681356293,4.313584317
19-08-2016 03:00:00,3.366627227,1022.229924,29.23079382,9.177268919,11.57206925,1.970594806,5.930277855,4.868875054
19-08-2016 04:00:00,3.366308111,1021.776182,28.77901289,8.762569444,12.14622167,1.729675,9.488638889,5.805298897
19-08-2016 05:00:00,3.372953944,1021.808837,28.82744876,8.443175,12.16518861,1.475547222,8.409083333,5.746443136
19-08-2016 06:00:00,3.373805332,1021.818306,28.83928214,8.311538462,12.16025187,1.350333241,9.277978339,5.63459612
19-08-2016 07:00:00,3.369234,1021.964497,28.97472571,8.292161111,11.92932278,1.209041667,9.472686215,5.41123401
19-08-2016 08:00:00,3.333660998,1022.269588,29.20410279,8.326228046,11.20126708,1.688352384,5.035085029,4.458410799
19-08-2016 09:00:00,3.314347051,1022.276401,29.16944827,8.357579653,11.00701537,1.285458357,3.488010061,4.095592283
19-08-2016 10:00:00,3.340997471,1022.48775,29.43684973,8.785636415,10.9974254,1.200862602,2.588472886,4.018823737
19-08-2016 11:00:00,3.344865856,1022.591854,29.54798026,9.272578933,10.90582621,0.960849399,2.607544007,3.947723562
19-08-2016 12:00:00,3.347495376,1022.625301,29.58605986,9.544045672,10.8903744,0.862934875,3.183690443,3.9308145
19-08-2016 13:00:00,3.346891707,1022.57826,29.53761112,9.451335975,10.94329041,0.87086895,3.321943108,3.975197144
19-08-2016 14:00:00,3.346364108,1022.616023,29.57687767,8.998198375,10.88832978,1.248217988,2.809785654,3.930877093
19-08-2016 15:00:00,3.338710735,1022.320074,29.26509364,8.374679899,11.18644451,1.88244898,5.0167948,4.439585337
19-08-2016 16:00:00,3.335080194,1021.876221,28.81507853,7.703669444,11.71465028,1.797005556,7.891486111,5.3152697
19-08-2016 17:00:00,3.347358778,1021.888729,28.85700243,7.095211111,11.81229444,1.252827778,7.167604167,5.506056821
19-08-2016 18:00:00,3.3499895,1021.849247,28.8251036,6.725602778,11.88611139,1.294483333,9.554930556,5.63392276
19-08-2016 19:00:00,3.354128516,1022.053796,29.03949924,6.611065848,11.66343945,1.088203125,16.98951005,5.329869097
19-08-2016 20:00:00,3.319955816,1022.144411,29.0566387,6.570870293,11.21961255,1.812270572,4.988730823,4.519292688
19-08-2016 21:00:00,3.341044104,1022.344081,29.30167078,6.6987845,11.16845804,1.67557569,4.543943407,4.353735244
19-08-2016 22:00:00,3.353789272,1022.460317,29.44191171,7.519862745,11.14753389,1.821837535,3.65837535,4.270713185
19-08-2016 23:00:00,3.364704131,1022.601776,29.60345507,8.418738487,11.07813062,1.274259001,4.001528049,4.226855623
20-08-2016 00:00:00,3.372796115,1022.655876,29.67144147,9.196976351,11.09131081,0.964552365,3.85238598,4.206202098
20-08-2016 01:00:00,3.376265239,1022.69303,29.71410751,9.655569837,11.0801074,0.8841988,3.987624964,4.137435243
20-08-2016 02:00:00,3.369904857,1022.610539,29.6170791,9.734853735,11.12358194,1.012473729,4.022550412,4.270053859
20-08-2016 03:00:00,3.369234019,1022.623999,29.6305279,9.461103914,11.0988454,1.319152351,2.87448606,4.177975751
20-08-2016 04:00:00,3.363308089,1022.254405,29.24834599,9.007645584,11.50956952,1.976104765,6.029590415,4.937830788
20-08-2016 05:00:00,3.362671469,1022.555391,29.55177344,8.56143778,11.11809529,1.194324552,3.670992152,4.337326106
20-08-2016 06:00:00,3.367897736,1022.617591,29.62686625,8.263070175,11.08783248,1.030908319,2.511757216,4.124862237
20-08-2016 07:00:00,3.366885723,1022.665738,29.67402866,8.131812354,11.01709382,1.194440559,2.440595862,3.984831353
20-08-2016 08:00:00,3.363695072,1022.718844,29.72131396,8.107615406,10.92010139,1.223916124,2.546035118,3.989242666
20-08-2016 09:00:00,3.348412009,1022.766916,29.73852589,8.087364168,10.7138774,1.24477849,2.154653107,3.783810405
20-08-2016 10:00:00,3.349399079,1022.693849,29.66558854,8.252434394,10.81570491,1.387389726,2.053643216,3.821409919
20-08-2016 11:00:00,3.349381905,1022.665874,29.63448807,8.824232493,10.85366443,1.120106443,2.066330532,3.856006048
20-08-2016 12:00:00,3.354794364,1022.746986,29.7257988,9.289535542,10.80620617,0.987711696,2.268988955,3.84844031
20-08-2016 13:00:00,3.359456949,1022.74584,29.73310819,9.542050173,10.85348501,0.902577855,2.919557382,3.870961765
20-08-2016 14:00:00,3.358543632,1022.783962,29.77071238,9.371017712,10.79620888,0.981051448,2.394855215,3.802039919
20-08-2016 15:00:00,3.362415532,1022.745812,29.7421286,8.925340461,10.87852223,1.515928531,2.315855374,3.942233747
20-08-2016 16:00:00,3.341774479,1022.151767,29.1029881,8.277092021,11.42996108,2.059313317,6.357485405,4.891361938
20-08-2016 17:00:00,3.349003333,1021.975079,28.94418846,7.636147222,11.71998861,1.427836111,6.499840278,5.281776873
20-08-2016 18:00:00,3.36718431,1021.908736,28.92026464,7.101352402,11.97496001,1.176431547,6.287836712,5.550673805
20-08-2016 19:00:00,3.374844694,1021.738056,28.7687776,6.864591667,12.26561611,1.310911111,9.421548611,5.850392005
20-08-2016 20:00:00,3.374932194,1021.951179,28.9807501,6.818680556,11.99205861,1.524322222,9.271125071,5.485961223
20-08-2016 21:00:00,3.327963722,1021.949836,28.87773513,6.742180556,11.54658167,2.094569444,8.361304045,4.814021633
20-08-2016 22:00:00,3.359799889,1022.316057,29.31149522,7.101749304,11.38554262,2.426349693,4.673983287,4.559961342
20-08-2016 23:00:00,3.365539675,1022.532567,29.53745049,7.966361088,11.17071489,2.413126753,3.981216709,4.289334207
21-08-2016 00:00:00,3.374334993,1022.652342,29.67288518,8.814284502,11.10831165,1.201419683,4.007119627,4.227440633
21-08-2016 01:00:00,3.379654746,1022.712546,29.74166994,9.497492853,11.08699514,1.423425794,3.561906804,4.171729607
21-08-2016 02:00:00,3.379726277,1022.688564,29.71615193,9.81099572,11.1194331,0.973974322,3.923908702,4.18421424
21-08-2016 03:00:00,3.376198564,1022.631445,29.6516651,9.676911599,11.15680039,1.34954955,3.212218468,4.229717267
21-08-2016 04:00:00,3.372336216,1022.54337,29.5569452,9.281808004,11.22983487,2.247889729,3.286216065,4.301011572
21-08-2016 05:00:00,3.342003389,1021.603441,28.55419712,8.790872222,12.13941444,2.531033333,10.372590278,5.903585432
21-08-2016 06:00:00,3.348842317,1021.731925,28.69866404,8.333035268,12.03540128,1.805234657,8.350118023,5.638418535
21-08-2016 07:00:00,3.354042412,1021.781833,28.76113263,7.996027778,12.018455,1.318113889,8.027090278,5.508521135
21-08-2016 08:00:00,3.360471556,1021.72281,28.7174349,7.855802778,12.15484361,1.520155556,10.962006944,5.630661899
21-08-2016 09:00:00,3.334770773,1021.907195,28.84527735,7.853523359,11.67177197,3.297198552,6.444201891,5.098398462
21-08-2016 10:00:00,3.289349353,1021.934813,28.77515755,7.798346899,11.19994527,1.975463223,4.717632613,4.348651123
21-08-2016 11:00:00,3.323218233,1022.282695,29.19551461,8.135467002,11.08334788,1.66200783,3.442456655,4.165701022
21-08-2016 12:00:00,3.34021461,1022.491132,29.43883918,8.740140213,10.98538979,1.207938867,3.339084408,4.080249944
21-08-2016 13:00:00,3.347781688,1022.597962,29.56037253,9.243791842,10.92588158,1.020908579,3.594198312,4.039087902
21-08-2016 14:00:00,3.349717099,1022.594437,29.55983878,9.458463091,10.94998501,0.940778547,4.356783449,4.032261947
21-08-2016 15:00:00,3.345869126,1022.524311,29.48175482,9.265712259,11.00046112,1.165641317,3.671190409,4.086758284
21-08-2016 16:00:00,3.346800084,1022.423059,29.3841965,8.837038591,11.13714458,2.288691275,3.958633949,4.366679182
21-08-2016 17:00:00,3.310615694,1021.340477,28.22707299,8.258625,12.17986333,2.071908333,10.130201389,6.085020566
21-08-2016 18:00:00,3.330646487,1021.596674,28.52738416,7.71375729,12.03409303,1.504004443,7.610774785,5.842798793
21-08-2016 19:00:00,3.351809927,1022.412024,29.39016015,7.325589397,11.18911562,1.04179075,4.034616469,4.593705811
21-08-2016 20:00:00,3.357409633,1022.367941,29.35811096,7.205652174,11.29736317,1.116740551,37.068137813,4.659719036
21-08-2016 21:00:00,3.339245703,1022.171647,29.12213172,7.21250279,11.3729202,1.817162388,5.567327009,4.772539289
21-08-2016 22:00:00,3.325629405,1022.244252,29.16629626,7.177139269,11.14965643,1.951948088,4.307989115,4.415128263
21-08-2016 23:00:00,3.361729094,1022.457552,29.45519406,7.660575741,11.22738234,1.793490777,3.81626607,4.431913612
22-08-2016 00:00:00,3.361903901,1022.561332,29.55632636,8.50477968,11.10281841,1.360710076,4.283749649,4.315658662
22-08-2016 01:00:00,3.368995624,1022.652218,29.65948015,9.261704992,11.06011301,1.107854739,4.110754347,4.268672347
22-08-2016 02:00:00,3.371967981,1022.682253,29.6938226,9.741336761,11.05326107,1.005332762,3.985518423,4.202312703
22-08-2016 03:00:00,3.368371194,1022.632619,29.63550515,9.875446555,11.08203969,1.170198469,3.896285795,4.278484428
22-08-2016 04:00:00,3.362932073,1022.575138,29.56724224,9.616081232,11.10116387,2.285693472,2.921470588,4.25654199
22-08-2016 05:00:00,3.33432721,1022.039563,28.97103274,9.126725959,11.50840411,2.62106448,5.782754308,4.911884042
22-08-2016 06:00:00,3.324314774,1021.732176,28.64410586,8.580261039,11.80248098,2.105417939,5.276589836,5.353635204
22-08-2016 07:00:00,3.329261,1021.797625,28.72239125,8.074491667,11.76245611,1.539280556,5.412381944,5.228907507
22-08-2016 08:00:00,3.335922139,1021.900745,28.84118305,7.743808333,11.69134389,1.595520978,6.340173611,5.025784005
22-08-2016 09:00:00,3.347483782,1021.89881,28.86509312,7.600719245,11.80326354,1.292665926,7.07212155,5.163266154
22-08-2016 10:00:00,3.312426273,1021.958141,28.8492028,7.554736989,11.39088895,1.867108266,7.487698634,4.712242636
22-08-2016 11:00:00,3.295210696,1022.050121,28.9049607,7.498332398,11.10685149,1.480940483,4.533106401,4.244265635
22-08-2016 12:00:00,3.340145508,1022.438394,29.38900285,7.969082234,11.04722846,1.464409206,3.238464777,4.137151875
22-08-2016 13:00:00,3.343220597,1022.535923,29.49114885,8.586575689,10.95688464,1.195641531,3.912781373,4.098310431
22-08-2016 14:00:00,3.35087229,1022.61095,29.58065799,9.095437305,10.93829975,1.066750637,4.296369941,4.090258447
22-08-2016 15:00:00,3.353562072,1022.594778,29.56889363,9.313195584,10.98553496,0.996365695,4.909220209,4.11143711
22-08-2016 16:00:00,3.353989715,1022.550437,29.52582028,9.125579036,11.04438208,1.298681319,4.070512821,4.200713889
22-08-2016 17:00:00,3.359248567,1022.526628,29.51464868,8.744384787,11.12018568,3.308661928,3.227719519,4.370758076
22-08-2016 18:00:00,3.35923474,1022.148682,29.13683287,8.277175785,11.59883893,1.478075535,5.284670925,5.160306548
22-08-2016 19:00:00,3.372330808,1022.491707,29.51121026,7.846543175,11.28621086,1.101303621,3.062534819,4.628477554
22-08-2016 20:00:00,3.380627368,1022.591085,29.63006069,7.571651635,11.23823365,0.980825817,3.161943348,4.534867394
22-08-2016 21:00:00,3.37807063,1022.643192,29.67753577,7.529205448,11.14847475,0.975987514,16.792861222,4.339439997
22-08-2016 22:00:00,3.376033559,1022.683182,29.71342107,7.574895657,11.07918556,1.272915962,3.33572335,4.309294889
22-08-2016 23:00:00,3.362759543,1022.562136,29.56313857,7.605455314,11.10512884,1.300459543,3.505490555,4.308529789
23-08-2016 00:00:00,3.363527245,1022.567324,29.56762858,8.109622378,11.10859413,1.375437762,3.443615385,4.260514778
23-08-2016 01:00:00,3.365915681,1022.64084,29.64351981,8.837699887,11.04285557,1.200633446,3.568531813,4.195890963
23-08-2016 02:00:00,3.368794244,1022.676297,29.68254148,9.447751129,11.02899577,1.010268059,3.549301637,4.183091144
23-08-2016 03:00:00,3.36938886,1022.685384,29.69098153,9.873953156,11.02552471,0.993270494,3.69213082,4.138702938
23-08-2016 04:00:00,3.370442515,1022.671046,29.67898203,9.810818363,11.0531785,1.064744796,3.445808383,4.183591431
23-08-2016 05:00:00,3.367089801,1022.648737,29.65094883,9.485706659,11.04759539,1.602062377,2.527872998,4.151945574
23-08-2016 06:00:00,3.367225279,1022.543832,29.54783066,8.936184358,11.17775698,1.638287709,2.925865922,4.379882334
23-08-2016 07:00:00,3.375101495,1022.571479,29.59502484,8.348770099,11.21461777,1.302561354,2.133328632,4.230411467
23-08-2016 08:00:00,3.376071626,1022.573962,29.60190928,7.847250141,11.21802993,1.262665161,1.924096556,4.127749804
23-08-2016 09:00:00,3.377960746,1022.577262,29.61069536,7.530434905,11.23010606,1.29857384,2.221696128,4.128357184
23-08-2016 10:00:00,3.375349675,1022.617752,29.64675404,7.383997171,11.1537454,1.156356436,2.068628006,4.136465767
23-08-2016 11:00:00,3.34753455,1022.494043,29.46383369,7.307541398,11.04396127,1.613367948,2.148933483,4.018728709
23-08-2016 12:00:00,3.34086167,1022.504354,29.46031917,7.29632171,10.96719882,1.431470754,2.152172385,3.918391659
23-08-2016 13:00:00,3.353871365,1022.626958,29.60895607,7.848657718,10.94020442,1.39371085,2.302202181,3.910588993
23-08-2016 14:00:00,3.35960244,1022.696091,29.68811282,8.446421761,10.91135923,1.150614133,2.604935502,3.934186228
23-08-2016 15:00:00,3.368235095,1022.757657,29.76610462,8.945967604,10.91918159,1.043518045,2.756614095,3.969934613
23-08-2016 16:00:00,3.369861441,1022.732492,29.74285635,9.190979041,10.9674588,0.984619581,2.879457364,4.004534311
23-08-2016 17:00:00,3.372927203,1022.683456,29.70020822,9.066036723,11.0572709,1.155305085,2.254470339,4.086106219
23-08-2016 18:00:00,3.382572602,1022.68339,29.72166983,8.789232068,11.14745542,1.255428973,1.745963432,4.243715459
23-08-2016 19:00:00,3.393678605,1022.53419,29.59649826,8.406310086,11.43750014,1.178405113,2.172693804,4.67339908
23-08-2016 20:00:00,3.412618061,1022.577623,29.6818922,8.094815226,11.55951153,1.053117533,1.216560156,4.784741688
23-08-2016 21:00:00,3.415983699,1022.596519,29.70884567,7.917472924,11.56645293,0.902771452,1.459233546,4.702717614
23-08-2016 22:00:00,3.406992608,1022.623091,29.7165187,7.905230126,11.44864352,0.966136681,2.441227336,4.480584053
23-08-2016 23:00:00,3.39072075,1022.665388,29.72433807,7.991663378,11.24272427,1.176332112,2.14913307,4.308446622
24-08-2016 00:00:00,3.375291337,1022.562678,29.58784655,8.072825904,11.22602131,1.130571909,2.671979254,4.283468937
24-08-2016 01:00:00,3.376501859,1022.588932,29.61497686,8.478924247,11.20665362,1.135049282,2.369684596,4.226472304
24-08-2016 02:00:00,3.372306882,1022.652053,29.66706463,9.089153214,11.09089663,1.101197961,2.283609459,4.102813603
24-08-2016 03:00:00,3.37334573,1022.722146,29.73788804,9.563897059,11.01545899,5.683237125,2.351131222,4.028263938
24-08-2016 04:00:00,3.376255303,1022.707717,29.72784085,9.895530346,11.06287975,1.215538854,2.535847986,4.029489055
24-08-2016 05:00:00,3.382640483,1022.70351,29.73766202,9.733452953,11.12525064,1.092048601,2.025155411,4.068149678
24-08-2016 06:00:00,3.37667937,1022.763815,29.78813138,9.333610088,10.99560272,1.378277132,1.418957212,3.957356109
24-08-2016 07:00:00,3.379660073,1022.755966,29.78905855,8.759602241,11.02883978,1.488,1.210273109,3.923711777
24-08-2016 08:00:00,3.387703391,1022.676653,29.72851894,8.164351359,11.2010636,1.225962454,1.075679462,3.960109121
24-08-2016 09:00:00,3.389503024,1022.61428,29.67169741,7.669893587,11.29362308,1.045354243,1.125063008,3.987937826
24-08-2016 10:00:00,3.386855791,1022.572406,29.62546873,7.337416481,11.31939783,1.304226058,4.620455178,4.017678447
24-08-2016 11:00:00,3.383382864,1022.617036,29.66381023,7.189107545,11.22828913,1.130140766,2.396649775,4.042891208
24-08-2016 12:00:00,3.352385822,1022.473609,29.45432853,7.09732418,11.11480107,1.413681704,1.244522275,3.952102905
24-08-2016 13:00:00,3.344169084,1022.490575,29.45419425,7.106216746,11.01523523,1.589075889,1.556741809,3.897845332
24-08-2016 14:00:00,3.356246955,1022.601913,29.58955173,7.636958101,10.99321536,1.621572626,1.91125,3.93007329
24-08-2016 15:00:00,3.363053277,1022.654782,29.65462332,8.199490196,10.99470756,1.361414566,2.059754902,3.957334369
24-08-2016 16:00:00,3.374051964,1022.725045,29.74615936,8.738066779,11.01416639,1.256004489,2.110002806,4.007092679
24-08-2016 17:00:00,3.378437111,1022.734032,29.76301261,9.035808366,11.04613058,1.288134539,4.599851611,4.019753118
24-08-2016 18:00:00,3.375316965,1022.64756,29.66902908,9.045279486,11.1248379,1.290508664,1.816978759,4.056220759
24-08-2016 19:00:00,3.390459983,1022.680834,29.73522555,8.872478249,11.22563963,1.312245299,1.43521611,4.19787752
24-08-2016 20:00:00,3.421832351,1022.446096,29.5681146,8.597871039,11.81390884,1.517579211,1.952174819,4.866617887
24-08-2016 21:00:00,3.43065529,1022.361219,29.50389084,8.394557067,12.00222161,1.469594557,2.553519856,5.253569326
24-08-2016 22:00:00,3.414653167,1022.660859,29.76906321,8.269330556,11.47526639,1.454561111,1.596131944,4.557462712
24-08-2016 23:00:00,3.408688629,1022.679885,29.77570668,8.279785933,11.39550765,1.511592994,5.402731443,4.406917911
25-08-2016 00:00:00,3.397913979,1022.726123,29.79887183,8.410920759,11.23709654,1.453577009,2.399726891,4.211198327
25-08-2016 01:00:00,3.377839815,1022.558572,29.58704345,8.521594852,11.2578615,1.158771684,1.929644656,4.195858763
25-08-2016 02:00:00,3.384255655,1022.637042,29.67841841,8.782046029,11.22136598,1.184440079,1.849719338,4.157232831
25-08-2016 03:00:00,3.380620781,1022.65299,29.68465719,9.255655715,11.16945521,1.170766639,1.661752317,4.088610797
25-08-2016 04:00:00,3.379977931,1022.692075,29.72108803,9.618723644,11.11632246,1.227506326,1.816650267,4.025991454
25-08-2016 05:00:00,3.382911519,1022.706039,29.74059541,9.780172219,11.12750791,1.533032185,2.056618063,4.005219063
25-08-2016 06:00:00,3.385286333,1022.698266,29.73861949,9.588032741,11.15862828,1.129551228,1.415692916,4.04879437
25-08-2016 07:00:00,3.384397897,1022.763053,29.80424458,9.15850014,11.06701234,1.33195122,1.226457808,3.942560075
25-08-2016 08:00:00,3.386724143,1022.730175,29.77865504,8.568296796,11.12699775,1.463622822,1.133270096,3.943975122
25-08-2016 09:00:00,3.39700594,1022.637319,29.70927401,7.98704406,11.3372493,1.306330173,1.126519799,4.0303563
25-08-2016 10:00:00,3.395414651,1022.64125,29.71209935,7.508593272,11.31477704,1.995182096,1.339317487,3.927505245
25-08-2016 11:00:00,3.392416629,1022.66218,29.72840663,7.180783875,11.25852492,1.545341545,1.68993561,3.93567317
25-08-2016 12:00:00,3.393230842,1022.598048,29.66630367,7.011697694,11.34572159,1.784940261,1.586239233,4.073256483
25-08-2016 13:00:00,3.367161551,1022.507026,29.51992534,6.936416458,11.21262997,2.068250696,1.492834306,4.041724376
25-08-2016 14:00:00,3.363855178,1022.574237,29.58067419,6.956578508,11.0968647,1.613329621,1.628076281,3.941494341